City_id,City,Country,Lat,Lng,Max Temp,Humidity,Cloudiness,Wind Speed,Current Description
0,Matara,LK,5.9485,80.5353,74.68,84,90,2.86,overcast clouds
1,Albany,US,42.6001,-73.9662,27.68,60,71,1.99,broken clouds
2,Barrow,US,71.2906,-156.7887,-25.58,68,0,11.5,clear sky
3,Avarua,CK,-21.2078,-159.775,82.45,78,20,11.5,few clouds
4,Bengkulu,ID,-3.8004,102.2655,75.92,87,100,9.8,overcast clouds
5,Nikolskoye,RU,59.7035,30.7861,34.88,96,100,12.21,snow
6,Rikitea,PF,-23.1203,-134.9692,79.2,70,2,17.45,clear sky
7,Kahului,US,20.8947,-156.47,85.26,68,20,18.41,few clouds
8,Upernavik,GL,72.7868,-56.1549,-12.73,99,100,9.69,overcast clouds
9,Meadow Lake,US,34.8014,-106.5436,42.85,38,71,16.89,broken clouds
10,Hilo,US,19.7297,-155.09,75.25,92,100,5.75,heavy intensity rain
11,Karakol,KG,42.4907,78.3936,21.18,75,100,4.61,overcast clouds
12,San Cristobal,VE,7.7669,-72.225,73.58,61,80,2.51,broken clouds
13,Souillac,MU,-20.5167,57.5167,78.37,85,72,10.49,broken clouds
14,Northam,GB,51.0333,-4.2167,47.25,79,17,23.89,few clouds
15,Busselton,AU,-33.65,115.3333,52.09,58,50,16.17,scattered clouds
16,Shepsi,RU,44.0361,39.1489,39.25,69,95,5.08,overcast clouds
17,Los Llanos De Aridane,ES,28.6585,-17.9182,63.12,70,40,18.99,scattered clouds
18,Tiksi,RU,71.6872,128.8694,-15.72,99,100,4.5,overcast clouds
19,Bluff,NZ,-46.6,168.3333,55.8,66,2,5.17,clear sky
20,Kigoma,TZ,-4.8769,29.6267,74.97,71,100,1.66,overcast clouds
21,Greaca,RO,44.1094,26.3394,39.42,51,78,6.71,broken clouds
22,Puerto Madero,MX,14.7208,-92.4215,86.2,62,40,8.05,scattered clouds
23,Ushuaia,AR,-54.8,-68.3,60.46,63,75,9.22,broken clouds
24,Cape Town,ZA,-33.9258,18.4232,67.08,77,17,5.86,few clouds
25,Broken Hill,AU,-31.95,141.4333,69.21,46,3,16.82,clear sky
26,Punta Arenas,CL,-53.15,-70.9167,68.11,56,75,5.75,broken clouds
27,Jamestown,US,42.097,-79.2353,35.19,28,0,13.8,clear sky
28,Verkhnyaya Inta,RU,65.9811,60.3094,3.34,83,23,9.24,few clouds
29,Lahat,ID,-3.8,103.5333,71.49,91,100,1.81,overcast clouds
30,Airai,TL,-8.9266,125.4092,60.35,89,88,1.83,overcast clouds
31,Tiznit,MA,29.5833,-9.5,62.64,39,6,3.4,clear sky
32,Dargaville,NZ,-35.9333,173.8833,73.13,98,100,6.49,overcast clouds
33,Qaqortoq,GL,60.7167,-46.0333,9.1,72,100,2.28,overcast clouds
34,Lircay,PE,-12.9896,-74.7205,59.54,85,100,5.37,light rain
35,Katsuura,JP,35.1333,140.3,37.51,50,49,11.68,scattered clouds
36,Norman Wells,CA,65.282,-126.8329,-10.12,95,100,10.65,overcast clouds
37,Faanui,PF,-16.4833,-151.75,81.55,75,100,20.65,overcast clouds
38,Dikson,RU,73.5069,80.5464,-19.84,99,93,10.87,overcast clouds
39,Saskylakh,RU,71.9167,114.0833,-23.78,100,96,2.35,overcast clouds
40,Port Lincoln,AU,-34.7333,135.8667,71.46,61,1,12.26,clear sky
41,Bandarbeyla,SO,9.4942,50.8122,75.31,74,73,13.76,broken clouds
42,Cidreira,BR,-30.1811,-50.2056,77.04,63,1,15.77,clear sky
43,Provideniya,RU,64.3833,-173.3,3.31,78,0,4.47,clear sky
44,Ndele,CF,8.4109,20.6473,72.39,17,77,5.73,broken clouds
45,Komsomolskiy,UZ,40.4272,71.7189,39.92,81,75,4.61,broken clouds
46,San Patricio,US,28.017,-97.5169,66.29,58,36,5.79,scattered clouds
47,Gilgit,PK,35.9221,74.3087,29.53,82,82,1.14,broken clouds
48,Ilulissat,GL,69.2167,-51.1,1.42,66,100,6.91,overcast clouds
49,Sambava,MG,-14.2667,50.1667,75.94,89,87,5.55,overcast clouds
50,Martapura,ID,-3.4167,114.85,73.49,100,100,3.44,overcast clouds
51,New Norfolk,AU,-42.7826,147.0587,59.76,76,3,2.24,clear sky
52,Kapaa,US,22.0752,-159.319,79.12,75,75,1.99,broken clouds
53,Qaanaaq,GL,77.484,-69.3632,-13.29,59,29,7.07,scattered clouds
54,Victoria,HK,22.2855,114.1577,61.97,84,100,1.01,overcast clouds
55,Bambous Virieux,MU,-20.3428,57.7575,78.22,82,86,11.03,overcast clouds
56,Kazachinskoye,RU,57.6953,93.2761,7.2,97,100,3.04,overcast clouds
57,Koboko,UG,3.4136,30.9599,67.78,29,80,6.26,broken clouds
58,Meulaboh,ID,4.1363,96.1285,75.07,91,100,3.51,overcast clouds
59,Marawi,PH,7.9986,124.2928,63.64,93,17,1.39,few clouds
60,Ribeira Grande,PT,38.5167,-28.7,63.0,82,75,12.66,broken clouds
61,Kavieng,PG,-2.5744,150.7967,81.5,77,71,3.53,broken clouds
62,Bilma,NE,18.6853,12.9164,63.61,15,0,7.87,clear sky
63,Aksu,CN,41.1231,80.2644,21.13,50,100,2.04,overcast clouds
64,Gagra,GE,43.3283,40.2239,34.72,74,88,4.41,overcast clouds
65,Tuktoyaktuk,CA,69.4541,-133.0374,-25.6,75,40,18.41,scattered clouds
66,Filingue,NE,14.3521,3.3168,73.44,12,0,9.73,clear sky
67,Hermanus,ZA,-34.4187,19.2345,67.8,94,9,5.79,clear sky
68,Hobart,AU,-42.8794,147.3294,60.12,85,20,1.99,few clouds
69,Leningradskiy,RU,69.3833,178.4167,-23.08,98,28,6.33,scattered clouds
70,Benjamin Constant,BR,-4.3831,-70.0311,82.53,78,75,3.44,light rain
71,Margate,GB,51.3813,1.3862,46.11,68,86,13.0,overcast clouds
72,Labuhan,ID,-6.8844,112.2051,77.36,89,100,5.91,overcast clouds
73,Torbay,CA,47.6666,-52.7314,15.58,77,75,14.97,broken clouds
74,Krasnoselkup,RU,65.7,82.4667,-20.58,100,30,7.92,scattered clouds
75,Puerto Ayora,EC,-0.7393,-90.3518,85.96,86,49,8.01,scattered clouds
76,Srikakulam,IN,18.3,83.9,67.39,72,88,3.31,overcast clouds
77,Antofagasta,CL,-23.65,-70.4,74.21,59,0,7.09,clear sky
78,Ponta Do Sol,PT,32.6667,-17.1,63.72,66,9,11.61,clear sky
79,Luderitz,NA,-26.6481,15.1594,68.81,73,30,3.4,scattered clouds
80,Mataura,NZ,-46.1927,168.8643,55.47,61,3,1.12,clear sky
81,Port Alfred,ZA,-33.5906,26.891,74.7,82,82,14.05,broken clouds
82,Dharchula,IN,29.85,80.5333,48.31,47,84,4.59,broken clouds
83,Marsh Harbour,BS,26.5412,-77.0636,75.06,71,77,13.47,broken clouds
84,Padilla,CO,3.2204,-76.3139,72.9,83,90,0.38,overcast clouds
85,Babynino,RU,54.39,35.73,29.95,94,100,10.54,overcast clouds
86,Santo Domingo Suchitepequez,GT,14.4667,-91.4833,86.0,43,15,12.03,few clouds
87,Caravelas,BR,-17.7125,-39.2481,79.0,81,7,7.96,clear sky
88,Erenhot,CN,43.6475,111.9767,2.14,87,6,5.93,clear sky
89,Huarmey,PE,-10.0681,-78.1522,74.53,71,29,9.44,scattered clouds
90,Castro,BR,-24.7911,-50.0119,71.58,80,63,2.46,broken clouds
91,Beira,MZ,-19.8436,34.8389,77.09,94,75,9.22,broken clouds
92,Kodiak,US,57.79,-152.4072,36.91,65,0,14.97,clear sky
93,Springbok,ZA,-29.6643,17.8865,75.83,36,16,4.79,few clouds
94,Nueve De Julio,AR,-35.4444,-60.8831,71.71,52,47,10.36,scattered clouds
95,Tari,NG,12.4086,4.4914,75.69,15,0,10.51,clear sky
96,Tuljapur,IN,18.0,76.0833,71.33,28,93,5.53,overcast clouds
97,Shuyskoye,RU,59.3736,41.0305,11.32,96,100,5.7,overcast clouds
98,Ambon,ID,-3.6954,128.1814,77.14,88,40,5.75,scattered clouds
99,Yar-Sale,RU,66.8333,70.8333,-10.95,100,84,7.96,broken clouds
100,Hakodate,JP,41.7758,140.7367,19.38,88,54,6.33,broken clouds
101,Taltal,CL,-25.4,-70.4833,70.65,62,23,4.43,few clouds
102,Mala,PE,-12.6581,-76.6308,73.81,71,66,6.64,broken clouds
103,Acapulco,MX,16.8634,-99.8901,85.82,58,20,12.66,few clouds
104,Iqaluit,CA,63.7506,-68.5145,-34.31,65,61,4.0,broken clouds
105,Tucuman,AR,-26.8241,-65.2226,75.2,60,75,3.44,broken clouds
106,Atuona,PF,-9.8,-139.0333,78.51,74,4,18.21,clear sky
107,Opole Lubelskie,PL,51.1478,21.969,40.8,85,100,19.77,overcast clouds
108,Vaini,TO,-21.2,-175.2,78.12,86,100,29.35,moderate rain
109,Mashhad,IR,36.297,59.6062,32.14,100,100,6.91,overcast clouds
110,Lebu,CL,-37.6167,-73.65,65.19,69,0,13.51,clear sky
111,Horsham,GB,51.064,-0.3272,46.53,67,20,16.11,few clouds
112,Alta Floresta,BR,-9.8756,-56.0861,81.05,88,84,2.33,broken clouds
113,Muzhi,RU,65.3667,64.6667,-22.63,100,93,1.12,overcast clouds
114,San Ramon,US,37.7799,-121.978,67.73,42,0,3.0,clear sky
115,Guerrero Negro,MX,27.9769,-114.0611,68.76,22,0,8.34,clear sky
116,Yellowknife,CA,62.456,-114.3525,-1.59,97,100,11.5,light snow
117,Bredasdorp,ZA,-34.5322,20.0403,67.28,79,0,5.23,clear sky
118,Nadym,RU,65.5333,72.5167,-20.94,100,67,5.5,broken clouds
119,Vyshkov,RU,52.4764,31.6873,30.42,92,100,11.77,overcast clouds
120,Harper,LR,4.375,-7.7169,79.83,81,99,10.56,overcast clouds
121,Kimbe,PG,-5.5502,150.1429,77.65,91,76,2.15,broken clouds
122,Tasiilaq,GL,65.6145,-37.6368,21.36,60,100,41.79,overcast clouds
123,Palmer,US,42.1584,-72.3287,29.64,38,40,3.0,scattered clouds
124,Zhigansk,RU,66.7697,123.3711,-27.29,99,95,6.15,overcast clouds
125,Tepla,CZ,49.98,12.8643,36.88,81,100,19.17,light snow
126,Narsaq,GL,60.9167,-46.05,8.82,82,100,1.63,overcast clouds
127,Iberia,US,29.9502,-91.7507,58.05,35,0,3.44,clear sky
128,Paamiut,GL,61.994,-49.6678,4.68,80,100,11.25,overcast clouds
129,Dumai,ID,1.6833,101.45,72.19,95,100,1.05,overcast clouds
130,Poum,NC,-20.2333,164.0167,80.73,82,100,11.48,overcast clouds
131,Shingu,JP,33.7333,135.9833,38.91,73,25,6.78,scattered clouds
132,Teguldet,RU,57.3064,88.1667,12.06,91,100,5.39,overcast clouds
133,Chinsali,ZM,-10.5414,32.0816,61.39,98,100,2.71,overcast clouds
134,Khatanga,RU,71.9667,102.5,-17.32,98,99,8.72,overcast clouds
135,Wattens,AT,47.2722,11.5993,42.66,76,75,1.01,light snow
136,Pyshma,RU,56.9523,63.2513,5.11,95,100,5.82,overcast clouds
137,Elat,IL,29.5581,34.9482,57.04,44,0,0.0,clear sky
138,Dali,CN,25.7,100.1833,35.01,88,9,3.62,clear sky
139,Dabat,ET,12.9842,37.765,51.48,52,2,2.91,clear sky
140,Butaritari,KI,3.0707,172.7902,81.79,76,43,16.33,scattered clouds
141,Yerbogachen,RU,61.2767,108.0108,-9.51,100,99,1.88,overcast clouds
142,Olafsvik,IS,64.8945,-23.7142,28.15,72,100,20.45,overcast clouds
143,Pevek,RU,69.7008,170.3133,-24.14,99,24,1.07,few clouds
144,Navalmoral De La Mata,ES,39.8916,-5.5406,49.96,61,2,2.84,clear sky
145,Mana,GF,5.6592,-53.7767,78.76,83,99,7.92,overcast clouds
146,Paulesti,RO,45.0,25.9833,37.85,55,79,4.88,broken clouds
147,Hithadhoo,MV,-0.6,73.0833,82.15,72,25,13.2,scattered clouds
148,Klaksvik,FO,62.2266,-6.589,34.72,55,90,37.42,overcast clouds
149,Bathsheba,BB,13.2167,-59.5167,78.78,77,76,14.45,broken clouds
150,Tessalit,ML,20.1986,1.0114,67.91,11,0,7.83,clear sky
151,Kaitangata,NZ,-46.2817,169.8464,56.93,72,3,2.13,clear sky
152,Mahebourg,MU,-20.4081,57.7,78.26,82,82,11.45,broken clouds
153,Dong Hoi,VN,17.4833,106.6,65.97,90,97,2.77,overcast clouds
154,Cam Ranh,VN,11.9214,109.1591,71.56,88,75,4.61,broken clouds
155,Pandan,PH,14.0453,124.1694,76.84,86,88,15.14,overcast clouds
156,Carnarvon,AU,-24.8667,113.6333,72.18,65,14,23.15,few clouds
157,Richards Bay,ZA,-28.783,32.0377,71.15,92,35,1.86,light rain
158,Adamas,GR,36.7333,24.4333,56.32,62,16,2.71,few clouds
159,Aanekoski,FI,62.6946,25.818,32.07,100,100,7.54,overcast clouds
160,Slavgorod,RU,52.9978,78.6449,-2.92,95,10,5.35,clear sky
161,Isangel,VU,-19.55,169.2667,79.84,91,100,14.07,overcast clouds
162,Juneau,US,58.3019,-134.4197,41.22,96,100,4.0,light rain
163,El Alto,PE,-4.2714,-81.2147,76.66,70,31,13.0,scattered clouds
164,Gat,IL,31.61,34.7642,54.91,100,9,7.81,clear sky
165,Port Elizabeth,ZA,-33.918,25.5701,77.09,76,100,1.41,overcast clouds
166,Saint Anthony,US,45.0205,-93.218,19.83,67,100,5.99,overcast clouds
167,Ancud,CL,-41.8697,-73.8203,73.22,68,8,7.45,clear sky
168,Holme,DK,56.1138,10.1725,33.66,92,91,13.09,overcast clouds
169,Nantucket,US,41.2835,-70.0995,31.14,69,100,6.31,overcast clouds
170,Ouesso,CG,1.6136,16.0517,73.15,30,46,0.81,scattered clouds
171,Beibei,CN,29.8256,106.4339,44.37,91,100,1.83,overcast clouds
172,Jamui,IN,24.9167,86.2167,55.45,76,5,2.91,clear sky
173,Verkhoyansk,RU,67.5447,133.385,-30.51,96,100,1.3,overcast clouds
174,Torit,SS,4.4133,32.5678,79.59,24,100,2.06,overcast clouds
175,Chapais,CA,49.7834,-74.8492,6.58,94,100,9.55,light snow
176,Faya,SA,18.3851,42.4509,52.32,72,3,1.81,clear sky
177,Itarema,BR,-2.9248,-39.9167,80.58,75,79,12.21,broken clouds
178,Nea Stira,GR,38.1833,24.2,54.77,72,6,5.03,clear sky
179,Itoman,JP,26.1247,127.6694,59.02,55,90,9.22,overcast clouds
180,Nishihara,JP,26.1842,127.7558,58.28,57,100,9.22,overcast clouds
181,Longyearbyen,SJ,78.2186,15.6401,19.24,63,20,12.66,few clouds
182,Saint-Joseph,RE,-21.3667,55.6167,77.38,78,99,9.64,overcast clouds
183,Mount Gambier,AU,-37.8333,140.7667,62.94,51,0,4.94,clear sky
184,Saint-Philippe,RE,-21.3585,55.7679,78.39,81,100,13.85,overcast clouds
185,Kallifitos,GR,41.1667,24.2167,39.85,81,6,3.53,clear sky
186,Tuatapere,NZ,-46.1333,167.6833,54.82,62,2,3.49,clear sky
187,Jieshi,CN,22.8134,115.8257,58.95,83,100,19.42,overcast clouds
188,Kikwit,CD,-5.041,18.8162,72.72,91,100,0.94,overcast clouds
189,Carballo,ES,43.213,-8.691,51.51,94,70,1.72,broken clouds
190,Diego De Almagro,CL,-26.3667,-70.05,81.27,15,0,13.8,clear sky
191,Wellington,NZ,-41.2866,174.7756,62.06,74,100,5.99,overcast clouds
192,Imuris,MX,30.7833,-110.8667,66.87,18,0,7.05,clear sky
193,Arraial Do Cabo,BR,-22.9661,-42.0278,82.26,69,0,13.8,clear sky
194,Tahe,CN,52.3333,124.7333,-11.61,98,63,3.56,broken clouds
195,Hobyo,SO,5.3505,48.5268,76.39,70,58,17.07,broken clouds
196,Lata,PT,40.1629,-8.3327,52.81,65,35,3.49,scattered clouds
197,Pavino,RU,59.1139,46.1414,16.2,92,100,3.09,overcast clouds
198,Treinta Y Tres,UY,-33.2333,-54.3833,73.24,35,6,17.67,clear sky
199,Port Macquarie,AU,-31.4333,152.9167,67.89,75,88,14.16,overcast clouds
200,Quthing,LS,-30.4,27.7003,65.68,64,50,3.58,scattered clouds
201,Chokurdakh,RU,70.6333,147.9167,-39.98,100,88,2.71,overcast clouds
202,Aksarka,RU,66.5606,67.7975,-16.35,100,90,6.49,overcast clouds
203,Nhulunbuy,AU,-12.2333,136.7667,75.81,94,100,1.14,overcast clouds
204,Turbat,PK,26.0023,63.044,67.35,86,0,2.89,light rain
205,Bethel,US,41.3712,-73.414,30.29,58,0,3.44,clear sky
206,Monrovia,LR,6.3005,-10.7969,76.77,82,5,9.01,clear sky
207,Itaituba,BR,-4.2761,-55.9836,86.16,74,20,5.75,few clouds
208,Susehri,TR,40.1644,38.0867,16.48,87,90,0.54,overcast clouds
209,Cabo San Lucas,MX,22.8909,-109.9124,74.61,59,0,3.0,clear sky
210,Esperance,AU,-33.8667,121.9,63.39,59,84,25.72,broken clouds
211,Komatipoort,ZA,-25.4332,31.9548,72.05,92,40,7.85,scattered clouds
212,Talnakh,RU,69.4865,88.3972,-27.58,99,55,1.16,broken clouds
213,Mar Del Plata,AR,-38.0023,-57.5575,69.1,82,100,5.01,overcast clouds
214,Sao Gabriel Da Cachoeira,BR,-0.1303,-67.0892,80.17,91,96,1.61,overcast clouds
215,Arlington,US,32.7357,-97.1081,57.81,36,0,5.01,clear sky
216,Buerarema,BR,-14.9594,-39.2997,82.99,93,82,2.28,broken clouds
217,Antalaha,MG,-14.9003,50.2788,76.84,85,100,1.97,overcast clouds
218,Diffa,NE,13.3154,12.6113,66.56,23,0,9.06,clear sky
219,Severo-Kurilsk,RU,50.6789,156.125,29.71,85,100,15.1,light snow
220,Comodoro Rivadavia,AR,-45.8667,-67.5,75.06,35,0,13.8,clear sky
221,Bundaberg,AU,-24.85,152.35,66.22,92,75,5.01,broken clouds
222,Matay,EG,28.419,30.7792,54.7,47,0,6.85,clear sky
223,Pompeia,BR,-22.1086,-50.1717,76.71,82,78,5.93,broken clouds
224,Aguimes,ES,27.9054,-15.4461,63.66,82,20,17.27,few clouds
225,Canto Do Buriti,BR,-8.11,-42.9444,81.84,68,79,5.66,broken clouds
226,Auriflama,BR,-20.6856,-50.5547,77.67,87,73,5.23,moderate rain
227,Bucak,TR,37.4592,30.595,35.64,72,0,5.01,clear sky
228,Champerico,GT,14.3,-91.9167,88.29,59,8,11.12,clear sky
229,Cienfuegos,CU,22.1461,-80.4356,79.61,61,90,4.38,overcast clouds
230,Lasa,IT,46.6166,10.7002,38.14,66,100,5.35,overcast clouds
231,Flinders,AU,-34.5833,150.8552,67.8,91,92,8.01,light rain
232,Sonoita,MX,31.85,-112.8333,69.53,10,0,10.65,clear sky
233,Cockburn Town,TC,21.4612,-71.1419,75.81,69,1,14.97,clear sky
234,Hovd,MN,48.0056,91.6419,-14.22,73,14,3.65,few clouds
235,Jablah,SY,35.3614,35.9256,53.89,82,75,5.75,broken clouds
236,Yairipok,IN,24.6667,94.0667,41.16,91,0,0.96,clear sky
237,Salalah,OM,17.0151,54.0924,78.89,41,0,6.91,clear sky
238,Lompoc,US,34.6391,-120.4579,81.1,26,0,9.22,clear sky
239,Gamba,GA,-2.65,10.0,77.0,87,35,5.32,scattered clouds
240,Quatre Cocos,MU,-20.2078,57.7625,78.91,83,91,10.13,overcast clouds
241,Bacolod,PH,10.6667,122.95,74.84,85,97,10.8,overcast clouds
242,Douglas,US,41.3,-96.167,42.98,42,0,4.0,clear sky
243,Havre-Saint-Pierre,CA,50.2334,-63.5986,6.8,55,0,13.8,clear sky
244,Herat,AF,34.5,62.0,39.96,75,2,0.56,clear sky
245,Taman,RU,45.2117,36.7161,37.35,75,44,11.32,scattered clouds
246,Kuji,JP,40.1878,141.7689,25.79,72,11,13.89,few clouds
247,Port Hardy,CA,50.6996,-127.4199,46.76,76,100,21.85,overcast clouds
248,Omsukchan,RU,62.5333,155.8,-16.22,68,1,2.51,clear sky
249,Medea,DZ,36.2642,2.7539,39.65,90,40,2.53,scattered clouds
250,Ucluelet,CA,48.9329,-125.5528,48.09,87,74,3.0,broken clouds
251,Trofors,NO,65.5333,13.4063,31.35,96,81,4.41,broken clouds
252,Belmonte,BR,-15.8631,-38.8828,82.9,78,10,8.37,clear sky
253,Inverell,AU,-29.7833,151.1167,61.66,80,0,1.99,clear sky
254,Half Moon Bay,US,37.4636,-122.4286,70.9,58,0,13.8,clear sky
255,Amahai,ID,-3.3333,128.9167,77.79,84,90,4.92,light rain
256,Det Udom,TH,14.906,105.0784,76.24,65,72,2.17,broken clouds
257,Waipawa,NZ,-41.4122,175.5153,59.45,77,100,12.8,overcast clouds
258,Byron Bay,AU,-28.65,153.6167,71.06,74,100,14.74,overcast clouds
259,Haines Junction,CA,60.7522,-137.5108,39.15,48,100,19.57,overcast clouds
260,Horki,BY,54.2861,30.9842,30.09,96,100,16.67,snow
261,Nizhniy Tsasuchey,RU,50.5167,115.1333,1.85,94,39,6.82,scattered clouds
262,Coruripe,BR,-10.1256,-36.1756,80.49,75,1,13.29,clear sky
263,Joetsu,JP,37.1483,138.2364,27.72,77,100,14.85,light snow
264,Sturgeon Bay,US,44.8342,-87.377,32.85,93,100,0.0,mist
265,Kununurra,AU,-15.7667,128.7333,75.18,100,75,8.05,broken clouds
266,Pingliang,CN,35.5392,106.6861,6.06,92,60,5.64,broken clouds
267,Kichera,RU,55.9375,110.0997,7.92,96,100,1.36,light snow
268,Roald,NO,62.5833,6.1333,39.33,81,75,11.5,broken clouds
269,Ahipara,NZ,-35.1667,173.1667,74.16,96,100,5.68,overcast clouds
270,Belgrade,RS,44.804,20.4651,46.06,57,0,9.22,clear sky
271,Cairns,AU,-16.9167,145.7667,76.95,85,100,10.36,overcast clouds
272,Baiyin,CN,36.5583,104.2081,5.88,93,58,3.22,broken clouds
273,Tukrah,LY,32.5341,20.5791,57.83,70,100,6.62,overcast clouds
274,Fez,MA,34.0372,-4.9998,55.65,62,40,6.91,scattered clouds
275,Lavrentiya,RU,65.5833,-171.0,-12.6,92,13,6.26,few clouds
276,Portland,US,45.5234,-122.6762,63.46,71,40,1.01,scattered clouds
277,Kirovskiy,RU,45.0917,133.5136,-2.33,99,100,3.33,overcast clouds
278,Strelka,RU,58.0728,93.0344,5.65,98,100,2.48,overcast clouds
279,Manokwari,ID,-0.8667,134.0833,77.77,77,100,1.88,overcast clouds
280,Kruisfontein,ZA,-34.0033,24.7314,74.88,56,100,8.63,overcast clouds
281,Sao Filipe,CV,14.8961,-24.4956,73.08,74,0,8.7,clear sky
282,Santa Cruz De La Palma,ES,28.6835,-17.7642,66.34,82,40,16.11,scattered clouds
283,Beawar,IN,26.1,74.3167,59.18,41,0,5.84,clear sky
284,Rolla,US,37.9514,-91.7713,47.21,39,96,4.0,overcast clouds
285,Vila Do Maio,CV,15.1333,-23.2167,70.59,80,0,13.67,clear sky
286,Pachperwa,IN,27.5167,82.65,51.22,80,0,3.78,clear sky
287,Porto Seguro,BR,-16.4497,-39.0647,82.92,74,40,9.22,scattered clouds
288,Viransehir,TR,37.2353,39.7631,38.25,60,40,5.12,scattered clouds
289,Garden City,US,42.3256,-83.331,34.9,60,20,1.99,few clouds
290,Grootfontein,NA,-19.5667,18.1167,63.97,100,97,1.14,overcast clouds
291,Hasaki,JP,35.7333,140.8333,30.6,42,2,19.24,clear sky
292,Saedinenie,BG,42.2667,24.55,36.95,75,0,4.61,clear sky
293,Soe,ID,-9.8607,124.284,65.88,91,44,3.2,scattered clouds
294,Mapiripan,CO,2.8892,-72.1256,92.82,37,93,4.27,overcast clouds
295,East London,ZA,-33.0153,27.9116,73.69,83,2,16.62,clear sky
296,Porto Santo,PT,33.072,-16.3415,62.51,67,75,17.27,broken clouds
297,Namatanai,PG,-3.6667,152.4333,80.69,77,44,3.51,scattered clouds
298,Srednekolymsk,RU,67.45,153.6833,-37.12,100,69,1.7,broken clouds
299,Nuuk,GL,64.1835,-51.7216,5.61,51,75,17.27,broken clouds
300,Vao,NC,-22.6667,167.4833,80.19,83,80,1.52,broken clouds
301,Taikang,CN,46.8333,124.4167,-3.17,92,75,5.1,broken clouds
302,Copiapo,CL,-27.3667,-70.3333,71.29,32,0,9.13,clear sky
303,Mildura,AU,-34.2,142.15,69.08,49,47,9.22,scattered clouds
304,Vestmannaeyjar,IS,63.4427,-20.2734,35.62,59,100,25.37,overcast clouds
305,Kirakira,SB,-10.4544,161.9205,82.94,82,99,9.51,overcast clouds
306,Anadyr,RU,64.75,177.4833,-19.7,76,0,6.71,clear sky
307,Tura,IN,25.5198,90.2201,51.39,80,0,3.15,clear sky
308,Port-Gentil,GA,-0.7193,8.7815,80.19,82,29,13.49,scattered clouds
309,San Quintin,MX,30.4833,-115.95,64.99,30,0,7.2,clear sky
310,Katherine,AU,-14.4667,132.2667,75.52,94,95,2.3,overcast clouds
311,Baykit,RU,61.67,96.37,-3.57,99,100,2.28,overcast clouds
312,Tokur,RU,53.1333,132.9,-24.65,99,39,1.86,scattered clouds
313,Georgetown,MY,5.4112,100.3354,78.75,92,40,1.14,scattered clouds
314,Athmallik,IN,20.7219,84.5348,57.85,36,12,2.37,few clouds
315,Praia,CV,14.9215,-23.5087,70.34,78,20,17.27,few clouds
316,Codrington,AU,-38.2667,141.9667,59.67,71,0,8.25,clear sky
317,Cherskiy,RU,68.75,161.3,-31.34,100,23,1.61,few clouds
318,Tawang,IN,27.5833,91.8667,25.97,62,0,4.59,clear sky
319,Pervomayskiy,RU,53.2485,40.2871,16.63,98,65,6.96,broken clouds
320,Labrea,BR,-7.2586,-64.7981,82.45,83,56,2.06,broken clouds
321,Gimli,CA,50.6336,-96.9907,7.12,71,91,5.75,overcast clouds
322,Iskateley,RU,67.6803,53.1512,10.17,89,100,14.74,overcast clouds
323,Rocha,UY,-34.4833,-54.3333,68.13,56,57,17.69,broken clouds
324,Meridian,US,43.6121,-116.3915,42.17,58,0,1.01,clear sky
325,Kamaishi,JP,39.2667,141.8833,26.02,63,3,4.68,clear sky
326,Ostrovnoy,RU,68.0531,39.5131,14.34,86,99,21.59,overcast clouds
327,Bud,US,39.447,-86.1758,40.68,59,27,6.51,scattered clouds
328,Pionki,PL,51.476,21.4499,40.28,63,100,1.01,overcast clouds
329,Taylorville,US,39.5489,-89.2945,39.09,64,0,12.66,clear sky
330,Sao Jose Da Coroa Grande,BR,-8.8978,-35.1478,80.35,72,66,13.56,broken clouds
331,Lorengau,PG,-2.0226,147.2712,80.98,80,100,6.42,overcast clouds
332,Plettenberg Bay,ZA,-34.0527,23.3716,73.22,61,52,6.06,broken clouds
333,Pangnirtung,CA,66.1451,-65.7125,-31.0,68,75,8.05,broken clouds
334,Vila Velha,BR,-20.3297,-40.2925,80.94,84,40,5.01,scattered clouds
335,Trelew,AR,-43.249,-65.3051,78.66,24,6,17.05,clear sky
336,Kaduna,NG,10.5222,7.4383,72.21,19,0,8.59,clear sky
337,Fort Nelson,CA,58.8053,-122.7002,36.64,88,100,4.83,overcast clouds
338,Ryzdvyanyy,RU,45.2656,41.8389,29.1,86,100,15.52,overcast clouds
339,Valdivia,CL,-39.8142,-73.2459,86.09,33,0,3.83,clear sky
340,Te Anau,NZ,-45.4167,167.7167,50.63,67,29,0.47,scattered clouds
341,Tashtagol,RU,52.7657,87.8894,1.08,97,55,2.28,broken clouds
342,Razole,IN,16.4833,81.8333,66.92,88,94,2.71,overcast clouds
343,Gotsu,JP,35.0,132.2167,38.25,60,95,11.16,overcast clouds
344,Aleksandrov Gay,RU,50.147,48.5704,11.14,93,100,7.63,overcast clouds
345,Southbridge,US,42.0751,-72.0334,28.72,53,100,10.0,overcast clouds
346,Namibe,AO,-15.1961,12.1522,74.7,67,100,12.86,overcast clouds
347,Popondetta,PG,-8.7537,148.2534,75.4,93,100,2.75,moderate rain
348,Igarka,RU,67.4667,86.5833,-17.77,99,81,7.94,broken clouds
349,Clyde River,CA,70.4692,-68.5914,-30.77,68,40,8.05,scattered clouds
350,Talcahuano,CL,-36.7167,-73.1167,74.88,50,0,12.66,clear sky
351,Ossora,RU,59.2353,163.0719,6.87,75,100,11.72,overcast clouds
352,Mackenzie,CA,55.2999,-123.1698,41.22,56,20,16.11,few clouds
353,Tshikapa,CD,-6.4167,20.8,70.88,93,100,2.26,light rain
354,Garissa,KE,-0.4536,39.6401,82.11,52,100,13.47,overcast clouds
355,Pisco,PE,-13.7,-76.2167,68.05,88,46,10.36,mist
356,Adrar,MR,20.5022,-10.0711,69.71,9,0,9.17,clear sky
357,Taoudenni,ML,22.6783,-3.9836,71.2,11,24,9.89,few clouds
358,Jalu,LY,29.0331,21.5482,59.56,30,25,5.95,scattered clouds
359,Luanda,AO,-8.8368,13.2343,75.78,82,99,10.76,overcast clouds
360,Owando,CG,-0.4819,15.8999,75.94,29,36,2.26,scattered clouds
361,Port Moresby,PG,-9.4431,147.1797,76.5,84,100,4.88,heavy intensity rain
362,Sola,VU,-13.8833,167.55,82.6,77,100,17.54,moderate rain
363,Coahuayana,MX,18.7333,-103.6833,92.68,35,16,7.65,few clouds
364,Maragogi,BR,-9.0122,-35.2225,80.17,72,85,12.97,overcast clouds
365,Egvekinot,RU,66.3167,-179.1667,-13.25,82,1,8.01,clear sky
366,Thompson,CA,55.7435,-97.8558,-3.84,54,20,9.22,few clouds
367,Waddan,LY,29.1614,16.139,59.86,20,66,6.96,broken clouds
368,Laguna,US,38.421,-121.4238,70.95,49,0,1.99,clear sky
369,Great Yarmouth,GB,52.6083,1.7305,42.22,71,70,29.28,broken clouds
370,Nanortalik,GL,60.1432,-45.2371,16.2,66,100,21.09,overcast clouds
371,Bonavista,CA,48.6499,-53.1147,15.12,62,99,25.81,overcast clouds
372,Isabela,PH,6.7085,121.9711,78.85,82,100,4.38,overcast clouds
373,Kieta,PG,-6.2167,155.6333,81.16,80,100,7.23,overcast clouds
374,Vila,PT,42.0304,-8.1588,41.88,61,93,5.48,overcast clouds
375,Gizo,SB,-8.103,156.8419,83.3,78,100,14.32,light rain
376,Bunia,CD,1.5667,30.25,66.81,41,100,3.51,overcast clouds
377,Pozo Colorado,PY,-23.4923,-58.7972,90.03,29,0,10.8,clear sky
378,Basoda,IN,23.85,77.9333,57.9,33,0,1.41,clear sky
379,Vanimo,PG,-2.6741,141.3028,77.95,87,100,3.89,overcast clouds
380,Newport,GB,51.5877,-2.9984,46.02,77,32,17.07,scattered clouds
381,Ketchikan,US,55.3422,-131.6461,45.07,100,100,20.71,moderate rain
382,Manavalakurichi,IN,8.1333,77.3,78.89,79,75,5.86,broken clouds
383,Geraldton,AU,-28.7667,114.6,68.41,52,75,9.22,broken clouds
384,Sitka,US,57.0531,-135.33,42.69,81,100,8.05,moderate rain
385,Ibra,OM,22.6906,58.5334,64.83,62,4,4.74,clear sky
386,Turukhansk,RU,65.8167,87.9833,-17.61,100,84,3.49,broken clouds
387,Tacuarembo,UY,-31.7333,-55.9833,74.66,30,4,17.29,clear sky
388,Chernyshevskiy,RU,63.0128,112.4714,-6.3,99,100,2.98,overcast clouds
389,Port Hedland,AU,-20.3167,118.5667,80.65,100,100,6.91,thunderstorm with heavy rain
390,Benguela,AO,-12.5763,13.4055,76.26,71,100,4.32,overcast clouds
391,Asau,RO,46.4333,26.4,39.4,74,100,6.46,overcast clouds
392,Sembakung,ID,3.8167,117.25,71.42,99,100,1.81,overcast clouds
393,Gaoual,GN,11.75,-13.2,82.98,13,3,0.74,clear sky
394,Bolshoy Lug,RU,52.0779,104.0919,8.78,93,63,4.45,broken clouds
395,Rosetta,EG,31.4044,30.4164,56.3,69,0,7.0,clear sky
396,Fortuna,US,40.5982,-124.1573,55.65,81,0,9.22,clear sky
397,Birao,CF,10.2849,22.7882,66.7,16,74,5.91,broken clouds
398,The Valley,AI,18.217,-63.0578,77.14,69,75,11.5,broken clouds
399,Wlingi,ID,-8.0776,112.3311,71.69,93,100,4.45,overcast clouds
400,Saint George,US,37.1041,-113.5841,63.07,18,0,3.0,clear sky
401,Bayir,TR,37.2687,28.2167,34.32,69,0,2.84,clear sky
402,Iranshahr,IR,27.2025,60.6848,59.34,44,0,4.61,clear sky
403,Redlands,US,34.0556,-117.1825,78.73,12,0,5.99,clear sky
404,Mogzon,RU,51.7435,111.9606,-3.01,99,77,4.14,broken clouds
405,Cabinda,AO,-5.55,12.2,77.38,87,77,6.51,broken clouds
406,Chulym,RU,55.0997,80.9572,-0.11,91,100,3.13,overcast clouds
407,Palora,EC,-1.7,-77.9333,76.98,76,98,1.21,light rain
408,Ayaviri,PE,-14.8864,-70.5889,49.87,74,100,6.71,overcast clouds
409,Iracoubo,GF,5.4802,-53.2011,78.87,85,100,9.04,overcast clouds
410,Bereda,ES,43.2686,-7.5406,47.95,98,63,1.79,broken clouds
411,Necochea,AR,-38.5473,-58.7368,66.04,70,86,17.31,overcast clouds
412,Pokaran,IN,26.9167,71.9167,63.93,37,0,7.94,clear sky
413,Teahupoo,PF,-17.8333,-149.2667,80.56,75,68,21.56,light rain
414,Constitucion,CL,-35.3333,-72.4167,70.29,57,9,11.21,clear sky
415,Pabianice,PL,51.6645,19.3547,39.24,91,100,17.0,overcast clouds
416,La Ronge,CA,55.1001,-105.2842,8.85,85,100,5.75,overcast clouds
417,Esso,RU,55.9333,158.7,2.79,95,96,2.86,overcast clouds
418,Santa Marta,CO,11.2408,-74.199,92.34,68,1,18.07,clear sky
419,Kalmunai,LK,7.4167,81.8167,75.27,81,100,7.58,overcast clouds
420,Jasper,US,37.2001,-94.3502,46.24,46,0,3.0,clear sky
421,Gaborone,BW,-24.6545,25.9086,69.71,64,0,5.75,clear sky
422,Kolondieba,ML,11.0882,-6.8926,78.89,11,0,4.97,clear sky
423,Pyapon,MM,16.2833,95.6833,68.32,72,84,7.23,broken clouds
424,Alofi,NU,-19.0595,-169.9187,80.49,83,100,4.61,overcast clouds
425,Hamilton,US,39.1834,-84.5333,41.65,57,0,1.01,clear sky
426,Gorom-Gorom,BF,14.4439,-0.2361,73.2,11,0,9.8,clear sky
427,Dhali,IN,10.5,77.1667,75.25,90,56,1.63,broken clouds
428,Yenagoa,NG,4.9247,6.2642,79.9,70,0,4.9,clear sky
429,Tazovskiy,RU,67.4667,78.7,-24.07,100,97,2.37,overcast clouds
430,Sao Joao Da Barra,BR,-21.6403,-41.0511,82.49,85,1,18.86,clear sky
431,Acajutla,SV,13.5928,-89.8275,87.8,52,25,9.66,scattered clouds
432,Aswan,EG,24.0934,32.907,56.5,35,0,3.44,clear sky
433,Barcelos,PT,41.5388,-8.6151,52.84,68,66,5.66,broken clouds
434,Zhezkazgan,KZ,47.8043,67.7144,26.04,96,100,14.97,light snow
435,Kutum,SD,14.2,24.6667,54.36,21,69,11.32,broken clouds
436,Ust-Nera,RU,64.5667,143.2,-25.02,80,3,2.64,clear sky
437,Teguise,ES,29.0605,-13.564,61.02,77,0,16.11,clear sky
438,Hofn,IS,64.2539,-15.2082,26.92,66,35,16.24,scattered clouds
439,Balikpapan,ID,-1.2675,116.8289,77.99,100,40,4.61,scattered clouds
440,Santa Vitoria Do Palmar,BR,-33.5189,-53.3681,72.25,42,7,15.73,clear sky
441,College,US,64.8569,-147.8028,-1.71,79,75,0.0,light snow
442,Santa Isabel Do Rio Negro,BR,-0.4139,-65.0192,80.2,76,100,5.37,moderate rain
443,Nabire,ID,-3.3667,135.4833,76.17,90,99,2.44,moderate rain
444,Robertsport,LR,6.7533,-11.3686,80.67,84,1,9.71,clear sky
445,Xiongzhou,CN,25.1167,114.3,50.23,98,100,1.41,overcast clouds
446,Muli,MV,2.9167,73.5667,81.54,65,52,9.8,broken clouds
447,Vila Franca Do Campo,PT,37.7167,-25.4333,61.2,86,73,13.11,broken clouds
448,Kangaatsiaq,GL,68.3065,-53.4641,2.53,92,100,3.13,light snow
449,Bilibino,RU,68.0546,166.4372,-17.32,77,6,4.45,clear sky
450,Cao Bang,VN,22.6667,106.25,54.63,99,100,0.85,overcast clouds
451,Topolobampo,MX,25.6,-109.05,73.31,35,0,9.22,clear sky
452,Port Blair,IN,11.6667,92.75,77.04,88,40,1.14,mist
453,Lisakovsk,KZ,52.5369,62.4936,12.96,89,100,5.26,overcast clouds
454,Prince Rupert,CA,54.3161,-130.3201,48.29,71,40,23.02,scattered clouds
455,Berlevag,NO,70.8578,29.0864,21.2,79,20,24.16,few clouds
456,Boyolangu,ID,-8.1181,111.8935,75.13,94,100,4.85,overcast clouds
457,Morondava,MG,-20.2833,44.2833,80.56,84,100,21.36,moderate rain
458,Prince George,CA,53.9166,-122.753,44.04,52,0,21.85,clear sky
459,Grindavik,IS,63.8424,-22.4338,28.87,69,100,11.5,overcast clouds
460,Yerofey Pavlovich,RU,53.9667,121.9667,-2.22,86,100,1.88,overcast clouds
461,Lianzhou,CN,24.7811,112.3825,51.93,99,100,1.16,moderate rain
462,Xining,CN,36.6167,101.7667,8.6,92,86,1.66,overcast clouds
463,Kyotera,UG,-0.6156,31.5175,65.37,80,51,3.6,broken clouds
464,Makat,KZ,47.6469,53.3463,23.61,93,83,8.63,broken clouds
465,Katobu,ID,-4.9408,122.5276,75.11,93,45,5.17,scattered clouds
466,Turan,VN,16.0678,108.2208,69.78,94,75,1.14,broken clouds
467,Verkh-Usugli,RU,52.7,115.1667,-10.52,99,36,3.0,scattered clouds
468,Chumikan,RU,54.7183,135.315,-11.49,89,60,11.48,broken clouds
469,Damghan,IR,36.1683,54.348,34.54,60,57,2.3,broken clouds
470,Sorong,ID,-0.8833,131.25,79.79,82,100,11.92,overcast clouds
471,Beitbridge,ZW,-22.2167,30.0,74.61,58,4,18.03,clear sky
472,Koregaon,IN,18.65,74.0833,65.86,52,49,6.64,scattered clouds
473,Avera,US,33.194,-82.5271,49.75,49,100,7.14,overcast clouds
474,Haukipudas,FI,65.1765,25.3523,30.25,94,100,13.47,overcast clouds
475,Dunedin,NZ,-45.8742,170.5036,54.14,70,33,2.08,scattered clouds
476,Doka,SD,13.5167,35.7667,71.62,24,3,10.16,clear sky
477,Totness,SR,5.8833,-56.3167,79.63,80,94,10.83,overcast clouds
478,Menongue,AO,-14.6585,17.691,59.43,87,100,3.8,overcast clouds
479,Itatiba,BR,-23.0058,-46.8389,79.32,91,100,3.22,overcast clouds
480,Tecoanapa,MX,16.5167,-98.75,85.39,53,39,11.86,scattered clouds
481,Qandala,SO,11.472,49.8728,74.64,58,96,4.36,overcast clouds
482,Parksville,CA,49.3163,-124.3195,47.71,93,99,1.99,overcast clouds
483,Khovu-Aksy,RU,51.1333,93.6,-13.67,80,10,6.46,clear sky
484,Cordoba,AR,-31.4135,-64.1811,79.41,38,20,8.05,few clouds
485,Lagoa,PT,39.05,-27.9833,60.08,85,48,14.32,scattered clouds
486,Awjilah,LY,29.1081,21.2869,59.47,30,24,5.06,few clouds
487,Karpogory,RU,64.0019,44.4451,12.29,95,93,7.27,overcast clouds
488,Krasnokholm,RU,51.5979,54.1567,14.58,96,100,5.08,light snow
489,Dingle,PH,10.9995,122.6711,72.93,90,80,8.14,broken clouds
490,Banda Aceh,ID,5.5577,95.3222,76.39,89,100,7.2,overcast clouds
491,Biltine,TD,14.5333,20.9167,67.14,12,89,15.01,overcast clouds
492,Arroyo,ES,41.6096,-4.7969,40.6,72,0,5.75,clear sky
493,Kurumkan,RU,54.3,110.3,-3.89,95,56,4.18,broken clouds
494,Khasan,RU,42.4308,130.6434,17.62,53,2,12.48,clear sky
495,Nyimba,ZM,-14.5566,30.8149,66.36,96,98,1.9,overcast clouds
496,Mahibadhoo,MV,3.7833,72.9667,81.39,64,14,9.57,few clouds
497,Basoko,CD,1.2391,23.616,75.4,42,86,2.77,overcast clouds
498,Seoul,KR,37.5683,126.9778,17.04,79,0,2.3,clear sky
499,Aldan,RU,58.6031,125.3894,-15.54,92,53,4.41,broken clouds
500,Belaya Gora,RU,68.5333,146.4167,-43.47,100,63,2.21,broken clouds
501,Road Town,VG,18.4167,-64.6167,73.44,94,75,12.66,broken clouds
502,Awbari,LY,26.5921,12.7805,57.79,21,73,7.85,broken clouds
503,Pampa,US,35.5362,-100.9599,48.74,46,0,23.02,clear sky
504,Zvecka,RS,44.6389,20.1647,46.63,86,69,6.55,broken clouds
505,Bac Lieu,VN,9.285,105.7244,78.46,73,99,15.82,overcast clouds
506,Voloshka,RU,61.3314,40.0858,9.48,95,98,6.64,overcast clouds
507,Gorizia,IT,45.9167,13.5,48.42,95,100,2.3,mist
508,Marshfield,US,44.6689,-90.1718,27.84,80,100,12.66,mist
509,Oksfjord,NO,70.2396,22.3479,27.52,85,70,10.92,broken clouds
510,Urucara,BR,-2.5364,-57.76,77.88,94,100,1.39,heavy intensity rain
511,Morgaushi,RU,55.9643,46.7743,8.76,99,95,3.71,overcast clouds
512,Vilhena,BR,-12.7406,-60.1458,75.42,83,40,11.5,scattered clouds
513,Kenai,US,60.5544,-151.2583,23.14,90,0,3.44,clear sky
514,Alice Springs,AU,-23.7,133.8833,58.55,94,0,0.0,clear sky
515,Molteno,ZA,-31.3968,26.3625,66.7,52,98,11.18,overcast clouds
516,Nyurba,RU,63.2842,118.3319,-3.73,98,100,5.93,light snow
517,Kalengwa,ZM,-13.4659,25.0027,62.85,98,99,2.26,light rain
518,Grafton,US,42.207,-71.6856,28.96,57,0,1.01,clear sky
519,Olinda,BR,-8.0089,-34.8553,82.13,69,40,6.91,scattered clouds
520,Aklavik,CA,68.2191,-135.0107,-19.48,93,100,18.75,overcast clouds
521,Erzin,TR,36.9559,36.2,45.32,82,2,3.47,clear sky
522,Manat,PH,7.5327,126.0173,75.81,93,84,3.47,broken clouds
523,Samarai,PG,-10.6167,150.6667,81.73,76,100,9.24,overcast clouds
524,Adre,TD,13.4667,22.2,64.49,12,1,15.84,clear sky
525,Lyuban,BY,52.7985,28.0048,33.12,97,100,15.86,overcast clouds
526,Pryazha,RU,61.6926,33.6216,20.43,92,100,10.83,overcast clouds
527,Atar,MR,20.5169,-13.0499,75.09,9,0,6.82,clear sky
528,Hirara,JP,24.8,125.2833,64.99,64,66,15.43,broken clouds
529,Kuusamo,FI,65.9667,29.1833,21.24,86,100,12.66,overcast clouds
530,Atocha,BO,-20.9333,-66.2333,57.0,52,95,9.75,overcast clouds
531,Biak,ID,-0.9131,122.8766,75.76,81,100,2.64,overcast clouds
532,Bubaque,GW,11.2833,-15.8333,77.67,72,3,17.47,clear sky
533,Zurrieq,MT,35.8311,14.4742,54.97,93,40,6.91,scattered clouds
534,Charters Towers,AU,-20.1,146.2667,70.61,77,93,7.74,overcast clouds
535,Bathurst,AU,-33.4166,149.5806,58.96,79,79,11.86,broken clouds
536,Beisfjord,NO,68.3751,17.5988,28.45,81,100,9.6,overcast clouds
537,Husavik,IS,66.0449,-17.3389,24.71,77,99,1.79,overcast clouds
538,Nemuro,JP,43.3236,145.575,23.72,76,69,16.2,broken clouds
539,Benjamin Hill,MX,30.1667,-111.1,72.18,18,0,8.81,clear sky
540,Plouzane,FR,48.3833,-4.6167,52.12,87,100,16.11,overcast clouds
541,Asyut,EG,27.181,31.1837,53.78,46,0,6.85,clear sky
542,Miandrivazo,MG,-19.5167,45.4667,76.95,82,100,9.91,overcast clouds
543,Lisala,CD,2.15,21.5167,73.15,40,57,3.13,broken clouds
544,Emba,KZ,48.8264,58.1442,16.5,96,100,9.51,overcast clouds
545,Sabaudia,IT,41.3003,13.0282,52.95,94,27,2.91,scattered clouds
546,Mugumu,TZ,-1.85,34.7,61.54,90,99,1.95,light rain
547,Kemijarvi,FI,66.7131,27.4306,18.34,93,100,11.34,light snow
548,Saint-Augustin,CA,51.226,-58.6502,-9.62,79,4,7.16,clear sky
549,Dawei,MM,14.0833,98.2,71.96,87,46,3.56,scattered clouds
550,Chuy,UY,-33.6971,-53.4616,71.65,43,4,15.97,clear sky
551,Gobabis,NA,-22.45,18.9667,68.68,63,48,7.7,scattered clouds
552,Nome,US,64.5011,-165.4064,1.47,55,0,13.8,clear sky
553,Gorin,RU,51.1983,136.6669,-1.16,98,99,3.09,overcast clouds
554,Oranjemund,NA,-28.55,16.4333,67.51,69,50,3.78,scattered clouds
555,Zadar,HR,44.1197,15.2422,52.65,87,40,11.5,scattered clouds
556,Caxito,AO,-8.5785,13.6643,77.65,83,75,1.41,broken clouds
557,Riyadh,SA,24.6877,46.7219,51.94,40,0,7.45,clear sky
558,Seymchan,RU,62.8833,152.4333,-41.75,100,54,0.11,broken clouds
559,Buzmeyin,TM,38.0507,58.2056,35.33,87,40,4.61,scattered clouds
560,Yarada,IN,17.65,83.2667,72.37,64,97,1.5,overcast clouds
561,Vanderhoof,CA,54.0166,-124.0198,38.98,89,99,2.84,overcast clouds
562,Nong Khai,TH,17.9167,103.0833,69.04,66,90,5.19,overcast clouds
563,Merauke,ID,-8.4667,140.3333,80.42,82,100,7.25,overcast clouds
564,Rovaniemi,FI,66.5,25.7167,24.21,93,100,14.97,overcast clouds
565,Wuda,CN,39.4994,106.7117,20.73,95,100,1.88,light snow
566,Brae,GB,60.3964,-1.353,39.11,54,59,33.35,broken clouds
567,Jega,NG,12.2175,4.3792,76.19,15,0,10.29,clear sky
568,Luena,AO,-11.7833,19.9167,61.21,86,90,4.09,overcast clouds
569,Cururupu,BR,-1.8283,-44.8683,78.22,86,90,4.74,moderate rain
570,Moyobamba,PE,-6.05,-76.9667,75.16,88,100,0.94,overcast clouds
571,Egana,PH,10.7472,122.0098,73.06,83,66,5.5,broken clouds
572,Barahona,DO,18.2085,-71.1008,84.02,65,75,14.97,broken clouds
573,Conway,US,35.0887,-92.4421,52.09,47,0,1.01,clear sky
574,Muswellbrook,AU,-32.2667,150.9,62.24,87,28,4.65,scattered clouds
575,San Andres,CO,12.5847,-81.7006,84.22,61,20,13.8,few clouds
576,Lithakia,GR,37.7167,20.8333,55.58,86,36,6.64,scattered clouds
577,Chifeng,CN,42.2683,118.9636,8.26,79,4,5.68,clear sky
578,Pinos Puente,ES,37.2511,-3.7497,51.58,76,0,1.01,clear sky
579,Terrace,CA,54.5163,-128.6035,42.71,81,75,29.93,broken clouds
580,Comarapa,BO,-17.9,-64.4833,56.14,93,100,2.06,overcast clouds
581,Korla,CN,41.7597,86.1469,22.98,48,4,3.44,clear sky
582,Burgos,ES,42.3394,-3.7079,34.21,75,73,4.61,broken clouds
583,Nelson Bay,AU,-32.7167,152.15,72.0,72,63,4.0,broken clouds
584,Yumen,CN,40.2833,97.2,11.79,88,29,13.15,scattered clouds
585,Jiuquan,CN,39.7432,98.5174,10.2,96,73,1.9,broken clouds
586,Lieto,FI,60.5103,22.4618,33.03,93,40,4.61,scattered clouds
587,Alekseyevka,RU,50.6309,38.6903,27.23,94,99,9.55,light snow
588,Mbandaka,CD,0.0487,18.2603,77.04,38,8,3.67,clear sky
589,Ikryanoye,RU,46.0932,47.7308,30.02,97,71,8.34,light snow
590,Anahuac,MX,27.2333,-100.15,62.1,26,1,6.6,clear sky
591,Plainview,US,40.7765,-73.4673,32.49,65,0,1.01,clear sky
592,Yulara,AU,-25.2406,130.9889,66.04,52,0,6.91,clear sky
593,Kayes,ML,14.0,-11.0,83.28,8,0,7.65,clear sky
594,Bondoukou,CI,8.0333,-2.8,80.6,22,5,3.89,clear sky
595,Saint-Pierre,RE,-21.3393,55.4781,78.44,83,0,3.44,clear sky
596,Santa Clarita,US,34.3917,-118.5426,79.52,11,0,4.0,clear sky
597,Whithorn,JM,18.2604,-78.0378,79.86,52,33,2.04,scattered clouds
598,Raga,SS,8.4596,25.678,67.39,20,86,4.27,overcast clouds
599,High Level,CA,58.5169,-117.136,39.6,77,68,12.48,broken clouds
600,Oussouye,SN,12.485,-16.5469,78.98,53,0,6.46,clear sky
601,Broome,US,42.2506,-75.833,30.02,67,0,5.01,clear sky
602,Parsons,US,37.3403,-95.2611,46.69,68,8,5.53,clear sky
603,Qidong,CN,31.8128,121.6561,42.04,78,100,11.72,light rain
604,Pestovo,RU,58.5938,35.8024,21.25,96,92,7.96,overcast clouds
605,Scarborough,GB,54.2797,-0.4044,39.51,78,46,5.01,scattered clouds
606,Irbit,RU,57.6705,63.071,8.37,96,100,4.76,overcast clouds
607,Moussoro,TD,13.6408,16.4901,67.96,9,0,12.15,clear sky
608,Pokhara,NP,28.2333,83.9833,47.41,78,14,2.86,few clouds
609,Lapeer,US,43.0514,-83.3188,34.11,55,75,9.22,broken clouds
610,Kattivakkam,IN,13.2167,80.3167,79.07,77,98,7.92,overcast clouds
611,Zambezi,ZM,-13.5432,23.1047,65.59,97,100,3.83,moderate rain
612,Ust-Kulom,RU,61.6864,53.6902,19.08,92,100,8.05,overcast clouds
613,Eyl,SO,7.9803,49.8164,74.68,72,100,16.28,overcast clouds
614,Grand-Lahou,CI,5.1367,-5.0242,80.6,81,82,11.5,broken clouds
615,Strezhevoy,RU,60.7333,77.5889,-0.02,97,57,8.03,broken clouds
616,Carinhanha,BR,-14.3047,-43.765,70.97,95,100,2.8,heavy intensity rain
617,Makakilo City,US,21.3469,-158.0858,79.12,68,75,8.05,light intensity drizzle
618,San Juan,AR,-31.5375,-68.5364,82.62,27,0,6.24,clear sky
619,Goya,AR,-29.14,-59.2626,85.75,16,0,11.27,clear sky
620,Palmares Do Sul,BR,-30.2578,-50.5097,75.94,61,4,13.82,clear sky
621,Marsa Matruh,EG,31.3525,27.2453,50.2,81,0,4.61,clear sky
622,Opuwo,NA,-18.0607,13.84,72.5,46,100,5.75,overcast clouds
623,Yurino,RU,56.2942,46.3039,9.72,100,95,3.38,overcast clouds
624,Vaitape,PF,-16.5167,-151.75,81.57,75,100,20.62,overcast clouds
625,Palmas,BR,-10.2128,-48.3603,80.47,74,75,4.61,broken clouds
626,Ukiah,US,39.1502,-123.2078,74.66,29,0,0.0,clear sky
627,Chernyy Yar,RU,48.0624,46.1091,27.16,97,100,4.0,snow
628,Ormara,PK,25.2088,64.6357,71.29,80,0,11.99,clear sky
629,Peterhead,GB,57.5058,-1.7981,39.11,73,25,25.9,scattered clouds
630,Melfi,IT,40.9965,15.6514,43.09,93,5,6.38,clear sky
631,Maniitsoq,GL,65.4167,-52.9,4.03,73,100,13.11,overcast clouds
632,Buckeye,US,33.3703,-112.5838,74.14,13,0,5.75,clear sky
633,Xichang,CN,27.8964,102.2634,39.61,90,72,3.44,broken clouds
634,Mariel,CU,22.9875,-82.7536,84.34,60,0,12.93,light rain
635,Latung,PH,5.5,120.8833,81.32,71,100,3.71,overcast clouds
636,Viedma,AR,-40.8135,-62.9967,73.26,42,2,14.41,clear sky
637,Mount Isa,AU,-20.7333,139.5,74.97,73,41,0.0,scattered clouds
638,Octeville,FR,49.6261,-1.6435,50.92,76,75,21.85,broken clouds
639,Angola,AO,-12.5,18.5,59.72,93,96,3.33,overcast clouds
640,Alyangula,AU,-13.8483,136.4192,75.07,100,75,0.0,broken clouds
641,Fallon,US,39.4735,-118.7774,51.42,32,0,4.65,clear sky
642,Stokmarknes,NO,68.5646,14.9108,31.98,59,20,11.5,few clouds
643,Tommot,RU,58.9564,126.2925,-28.08,99,43,1.72,scattered clouds
644,Coihaique,CL,-45.5752,-72.0662,84.81,34,20,8.05,few clouds
645,Tigil,RU,57.8,158.6667,2.84,86,77,5.48,broken clouds
646,Tautira,PF,-17.7333,-149.15,86.02,74,76,21.03,light rain
647,Pangody,RU,65.85,74.4859,-20.63,100,76,4.09,broken clouds
648,Sistranda,NO,63.7256,8.834,38.89,70,99,36.15,light snow
649,San Rafael Del Sur,NI,11.8485,-86.4384,90.57,34,7,15.66,clear sky
650,Yoichi,JP,43.2039,140.7703,22.6,77,98,7.52,overcast clouds
651,Chicama,PE,-7.8447,-79.1469,75.74,59,92,10.98,overcast clouds
652,Serang,ID,-6.1149,106.1502,77.92,91,99,4.81,light rain
653,Bay City,US,43.5945,-83.8889,34.57,65,40,7.0,scattered clouds
654,Zaokskiy,RU,54.7306,37.4089,21.54,94,83,6.96,light snow
655,Unguia,CO,8.0434,-77.0945,86.02,62,22,7.45,few clouds
656,Aitape,PG,-3.1374,142.3475,77.86,87,100,3.44,overcast clouds
657,Iguape,BR,-24.7081,-47.5553,78.48,88,54,10.0,moderate rain
658,Calabozo,VE,8.9242,-67.4293,94.28,30,19,6.42,few clouds
659,Fare,PF,-16.7,-151.0167,81.37,74,99,21.16,light rain
660,Pacifica,US,37.6138,-122.4869,69.94,65,0,1.01,clear sky
661,Imbituba,BR,-28.24,-48.6703,78.69,76,60,7.63,broken clouds
662,Abha,SA,18.2164,42.5053,52.05,76,0,0.0,clear sky
663,Abu Samrah,SY,35.3029,37.1841,48.49,92,100,5.84,overcast clouds
664,Abapo,BO,-18.8333,-63.4667,65.16,89,100,4.09,overcast clouds
665,Syracuse,IT,37.0881,15.2792,52.9,76,78,7.85,broken clouds
666,Shahrud,IR,36.4182,54.9763,30.18,66,23,3.49,few clouds
667,Buraydah,SA,26.326,43.975,50.45,40,0,4.56,clear sky
668,Owosso,US,42.9978,-84.1766,34.52,65,40,5.99,scattered clouds
669,Hami,CN,42.8,93.45,25.57,35,15,9.75,few clouds
670,Clarence Town,AU,-32.5833,151.7833,71.85,84,23,5.73,few clouds
671,Zyryanovsk,KZ,49.7386,84.2719,-14.53,96,72,2.33,broken clouds
672,Creel,MX,27.75,-107.6333,51.62,22,0,13.62,clear sky
673,Mocuba,MZ,-16.8392,36.9856,71.13,99,32,3.96,light rain
674,Tevaitoa,PF,-16.7833,-151.5,81.41,75,100,21.47,overcast clouds
675,Ferme-Neuve,CA,46.7001,-75.4493,10.18,92,100,9.19,light snow
676,Sao Felix Do Xingu,BR,-6.6447,-51.995,79.27,89,91,2.19,heavy intensity rain
677,Roebourne,AU,-20.7833,117.1333,83.07,81,11,3.53,few clouds
678,Humberto De Campos,BR,-2.5983,-43.4611,77.83,90,75,6.04,broken clouds
679,Marzuq,YE,14.4,46.4667,64.02,34,100,5.3,overcast clouds
680,Gondar,ET,12.6,37.4667,58.24,43,31,3.98,scattered clouds
681,Balabac,PH,7.9868,117.0645,80.4,82,100,19.73,overcast clouds
682,Voi,KE,-3.3945,38.563,75.74,78,100,4.56,overcast clouds
683,Formosa,AR,-26.1775,-58.1781,85.98,28,0,16.11,clear sky
684,Pottsville,US,40.6857,-76.1955,34.07,51,39,1.01,scattered clouds
685,Qax,AZ,41.4225,46.9242,29.39,56,42,4.72,scattered clouds
686,Mocajuba,BR,-2.5842,-49.5072,78.13,88,100,4.47,heavy intensity rain
687,Piacabucu,BR,-10.4056,-36.4344,80.74,75,2,12.66,clear sky
688,Fomboni,KM,-12.28,43.7425,83.35,70,82,3.09,broken clouds
689,Kharp,RU,66.8014,65.8081,-11.58,100,96,1.99,overcast clouds
690,Coquimbo,CL,-29.9533,-71.3436,69.53,68,20,11.5,few clouds
691,Korem,ET,12.5058,39.5228,52.54,86,99,2.15,overcast clouds
692,Pidsandawan,PH,6.9322,124.5908,72.63,87,69,0.31,broken clouds
693,Tunduma,TZ,-9.3,32.7667,57.33,93,100,1.97,overcast clouds
694,Inirida,CO,3.8653,-67.9239,83.52,73,100,3.53,overcast clouds
695,Ponta Delgada,PT,37.7333,-25.6667,61.5,88,20,12.66,few clouds
696,Hit,IQ,33.6416,42.8251,52.52,51,49,3.58,scattered clouds
